{"cameraMode":{"drawMode":0,"name":"Shaded","section":"Shading Mode"},"sceneLighting":true,"audioPlay":false,"sceneViewState":{"showFog":true,"showMaterialUpdate":false,"showSkybox":true,"showFlares":true,"showImageEffects":true,"showParticleSystems":true},"in2DMode":false,"pivot":{"x":429.12646484375,"y":275.505859375,"z":-13.5},"rotation":{"x":0.00450084637850523,"y":-0.0011866422137245536,"z":0.0000018604915794639965,"w":0.9999892115592957},"size":1183.6221923828125,"orthographic":true}