{"cameraMode":{"drawMode":0,"name":"Shaded","section":"Shading Mode"},"sceneLighting":true,"audioPlay":false,"sceneViewState":{"showFog":true,"showMaterialUpdate":false,"showSkybox":true,"showFlares":true,"showImageEffects":true,"showParticleSystems":true},"in2DMode":false,"pivot":{"x":-0.00030517578125,"y":139.0985107421875,"z":-0.00054931640625},"rotation":{"x":0.23321378231048585,"y":-0.6230953931808472,"z":-0.718661367893219,"w":-0.20221124589443208},"size":1839.7847900390625,"orthographic":false}