{"cameraMode":{"drawMode":0,"name":"Shaded","section":"Shading Mode"},"sceneLighting":false,"audioPlay":false,"sceneViewState":{"showFog":true,"showMaterialUpdate":false,"showSkybox":true,"showFlares":true,"showImageEffects":true,"showParticleSystems":true},"in2DMode":false,"pivot":{"x":-576.0003051757813,"y":-166.4014892578125,"z":-0.00054931640625},"rotation":{"x":-0.006000480614602566,"y":0.0020929144229739906,"z":-0.000009666117875894997,"w":-0.9999797940254211},"size":2021.345947265625,"orthographic":false}