{"cameraMode":{"drawMode":0,"name":"Shaded","section":"Shading Mode"},"sceneLighting":true,"audioPlay":false,"sceneViewState":{"showFog":true,"showMaterialUpdate":false,"showSkybox":true,"showFlares":true,"showImageEffects":true,"showParticleSystems":true},"in2DMode":false,"pivot":{"x":326.24945068359377,"y":-109.50889587402344,"z":-40.57763671875},"rotation":{"x":0.02998185157775879,"y":-0.031167486682534219,"z":0.0009322516852989793,"w":0.999064028263092},"size":1627.9888916015625,"orthographic":false}